Model,Train Accuracy,Test Accuracy,Precision,Recall,F1-Score,ROC-AUC
Logistic Regression,0.6600662147248936,0.656829360575104,0.6709692028985508,0.7003072559678563,0.6853243899618364,0.7089555968661604
Decision Tree,0.7111461453570865,0.6218943120191701,0.6507703595011005,0.628929331127393,0.6396634615384615,0.6671075500705026
Random Forest,0.9586000315308214,0.6602345819144911,0.6650912996777658,0.7317419049870008,0.6968264686022958,0.7175936477509801
